<?xml version="1.0" encoding="iso-8859-1" ?>
	
<movie version="10" width="400" height="300" framerate="20" as3="1">
  <FileAttributes hasMetaData='0' allowABC='1'
   suppressCrossDomainCaching='0' swfRelativeURLs='0' useNetwork='0'/>
  <background color="#ffffff"/>
  <frame>
    <library>
      <binary id="_compile_" name="_compile_" import="compile.zip"/>
      <bitmap id="DispMapData0" name="DispMapData0" import="pic000002.png"/>
      <bitmap id="DispSelData0" name="DispSelData0" import="pic000003.png"/>
      <bitmap id="DispLightData0" name="DispLightData0" import="pic000004.png"/>
      <bitmap id="DispDarkData0" name="DispDarkData0" import="pic000005.png"/>
      <bitmap id="DispTransparentData0" name="DispTransparentData0" import="pic000006.jpg"/>
      <bitmap id="DispMapData1" name="DispMapData1" import="pic000007.png"/>
      <bitmap id="DispSelData1" name="DispSelData1" import="pic000008.png"/>
      <bitmap id="DispLightData1" name="DispLightData1" import="pic000009.png"/>
      <bitmap id="DispDarkData1" name="DispDarkData1" import="pic000010.png"/>
      <bitmap id="DispTransparentData1" name="DispTransparentData1" import="pic000011.jpg"/>
      <bitmap id="DispMapData2" name="DispMapData2" import="pic000012.png"/>
      <bitmap id="DispSelData2" name="DispSelData2" import="pic000013.png"/>
      <bitmap id="DispLightData2" name="DispLightData2" import="pic000014.png"/>
      <bitmap id="DispDarkData2" name="DispDarkData2" import="pic000015.png"/>
      <bitmap id="DispTransparentData2" name="DispTransparentData2" import="pic000016.jpg"/>
      <bitmap id="DispMapData3" name="DispMapData3" import="pic000017.png"/>
      <bitmap id="DispSelData3" name="DispSelData3" import="pic000018.png"/>
      <bitmap id="DispLightData3" name="DispLightData3" import="pic000019.png"/>
      <bitmap id="DispDarkData3" name="DispDarkData3" import="pic000020.png"/>
      <bitmap id="DispTransparentData3" name="DispTransparentData3" import="pic000021.jpg"/>
      <bitmap id="DispMapData4" name="DispMapData4" import="pic000022.png"/>
      <bitmap id="DispSelData4" name="DispSelData4" import="pic000023.png"/>
      <bitmap id="DispLightData4" name="DispLightData4" import="pic000024.png"/>
      <bitmap id="DispDarkData4" name="DispDarkData4" import="pic000025.png"/>
      <bitmap id="DispTransparentData4" name="DispTransparentData4" import="pic000026.jpg"/>
      <bitmap id="DispMapData5" name="DispMapData5" import="pic000027.png"/>
      <bitmap id="DispSelData5" name="DispSelData5" import="pic000028.png"/>
      <bitmap id="DispLightData5" name="DispLightData5" import="pic000029.png"/>
      <bitmap id="DispDarkData5" name="DispDarkData5" import="pic000030.png"/>
      <bitmap id="DispTransparentData5" name="DispTransparentData5" import="pic000031.jpg"/>
      <bitmap id="DispMapData6" name="DispMapData6" import="pic000032.png"/>
      <bitmap id="DispSelData6" name="DispSelData6" import="pic000033.png"/>
      <bitmap id="DispLightData6" name="DispLightData6" import="pic000034.png"/>
      <bitmap id="DispDarkData6" name="DispDarkData6" import="pic000035.png"/>
      <bitmap id="DispTransparentData6" name="DispTransparentData6" import="pic000036.jpg"/>
      <bitmap id="DispMapData7" name="DispMapData7" import="pic000037.png"/>
      <bitmap id="DispSelData7" name="DispSelData7" import="pic000038.png"/>
      <bitmap id="DispLightData7" name="DispLightData7" import="pic000039.png"/>
      <bitmap id="DispDarkData7" name="DispDarkData7" import="pic000040.png"/>
      <bitmap id="DispTransparentData7" name="DispTransparentData7" import="pic000041.jpg"/>
      <bitmap id="DispMapData8" name="DispMapData8" import="pic000042.png"/>
      <bitmap id="DispSelData8" name="DispSelData8" import="pic000043.png"/>
      <bitmap id="DispLightData8" name="DispLightData8" import="pic000044.png"/>
      <bitmap id="DispDarkData8" name="DispDarkData8" import="pic000045.png"/>
      <bitmap id="DispTransparentData8" name="DispTransparentData8" import="pic000046.jpg"/>
      <bitmap id="DispMapData9" name="DispMapData9" import="pic000047.png"/>
      <bitmap id="DispSelData9" name="DispSelData9" import="pic000048.png"/>
      <bitmap id="DispLightData9" name="DispLightData9" import="pic000049.png"/>
      <bitmap id="DispDarkData9" name="DispDarkData9" import="pic000050.png"/>
      <bitmap id="DispTransparentData9" name="DispTransparentData9" import="pic000051.jpg"/>
      <bitmap id="DispMapData10" name="DispMapData10" import="pic000052.png"/>
      <bitmap id="DispSelData10" name="DispSelData10" import="pic000053.png"/>
      <bitmap id="DispLightData10" name="DispLightData10" import="pic000054.png"/>
      <bitmap id="DispDarkData10" name="DispDarkData10" import="pic000055.png"/>
      <bitmap id="DispTransparentData10" name="DispTransparentData10" import="pic000056.jpg"/>
      <bitmap id="DispMapData11" name="DispMapData11" import="pic000057.png"/>
      <bitmap id="DispSelData11" name="DispSelData11" import="pic000058.png"/>
      <bitmap id="DispLightData11" name="DispLightData11" import="pic000059.png"/>
      <bitmap id="DispDarkData11" name="DispDarkData11" import="pic000060.png"/>
      <bitmap id="DispTransparentData11" name="DispTransparentData11" import="pic000061.jpg"/>
      <bitmap id="DispMapData12" name="DispMapData12" import="pic000062.png"/>
      <bitmap id="DispSelData12" name="DispSelData12" import="pic000063.png"/>
      <bitmap id="DispLightData12" name="DispLightData12" import="pic000064.png"/>
      <bitmap id="DispDarkData12" name="DispDarkData12" import="pic000065.png"/>
      <bitmap id="DispTransparentData12" name="DispTransparentData12" import="pic000066.jpg"/>
      <bitmap id="DispMapData13" name="DispMapData13" import="pic000067.png"/>
      <bitmap id="DispSelData13" name="DispSelData13" import="pic000068.png"/>
      <bitmap id="DispLightData13" name="DispLightData13" import="pic000069.png"/>
      <bitmap id="DispDarkData13" name="DispDarkData13" import="pic000070.png"/>
      <bitmap id="DispTransparentData13" name="DispTransparentData13" import="pic000071.jpg"/>
      <bitmap id="DispMapData14" name="DispMapData14" import="pic000072.png"/>
      <bitmap id="DispSelData14" name="DispSelData14" import="pic000073.png"/>
      <bitmap id="DispLightData14" name="DispLightData14" import="pic000074.png"/>
      <bitmap id="DispDarkData14" name="DispDarkData14" import="pic000075.png"/>
      <bitmap id="DispTransparentData14" name="DispTransparentData14" import="pic000076.jpg"/>
      <bitmap id="DispMapData15" name="DispMapData15" import="pic000077.png"/>
      <bitmap id="DispSelData15" name="DispSelData15" import="pic000078.png"/>
      <bitmap id="DispLightData15" name="DispLightData15" import="pic000079.png"/>
      <bitmap id="DispDarkData15" name="DispDarkData15" import="pic000080.png"/>
      <bitmap id="DispTransparentData15" name="DispTransparentData15" import="pic000081.jpg"/>
      <bitmap id="DispMapData16" name="DispMapData16" import="pic000082.png"/>
      <bitmap id="DispSelData16" name="DispSelData16" import="pic000083.png"/>
      <bitmap id="DispLightData16" name="DispLightData16" import="pic000084.png"/>
      <bitmap id="DispDarkData16" name="DispDarkData16" import="pic000085.png"/>
      <bitmap id="DispTransparentData16" name="DispTransparentData16" import="pic000086.jpg"/>
      <bitmap id="DispMapData17" name="DispMapData17" import="pic000087.png"/>
      <bitmap id="DispSelData17" name="DispSelData17" import="pic000088.png"/>
      <bitmap id="DispLightData17" name="DispLightData17" import="pic000089.png"/>
      <bitmap id="DispDarkData17" name="DispDarkData17" import="pic000090.png"/>
      <bitmap id="DispTransparentData17" name="DispTransparentData17" import="pic000091.jpg"/>
      <bitmap id="DispMapData18" name="DispMapData18" import="pic000092.png"/>
      <bitmap id="DispSelData18" name="DispSelData18" import="pic000093.png"/>
      <bitmap id="DispLightData18" name="DispLightData18" import="pic000094.png"/>
      <bitmap id="DispDarkData18" name="DispDarkData18" import="pic000095.png"/>
      <bitmap id="DispTransparentData18" name="DispTransparentData18" import="pic000096.jpg"/>
      <bitmap id="DispMapData19" name="DispMapData19" import="pic000097.png"/>
      <bitmap id="DispSelData19" name="DispSelData19" import="pic000098.png"/>
      <bitmap id="DispLightData19" name="DispLightData19" import="pic000099.png"/>
      <bitmap id="DispDarkData19" name="DispDarkData19" import="pic000100.png"/>
      <bitmap id="DispTransparentData19" name="DispTransparentData19" import="pic000101.jpg"/>
      <bitmap id="DispMapData20" name="DispMapData20" import="pic000102.png"/>
      <bitmap id="DispSelData20" name="DispSelData20" import="pic000103.png"/>
      <bitmap id="DispLightData20" name="DispLightData20" import="pic000104.png"/>
      <bitmap id="DispDarkData20" name="DispDarkData20" import="pic000105.png"/>
      <bitmap id="DispTransparentData20" name="DispTransparentData20" import="pic000106.jpg"/>
      <bitmap id="DispMapData21" name="DispMapData21" import="pic000107.png"/>
      <bitmap id="DispSelData21" name="DispSelData21" import="pic000108.png"/>
      <bitmap id="DispLightData21" name="DispLightData21" import="pic000109.png"/>
      <bitmap id="DispDarkData21" name="DispDarkData21" import="pic000110.png"/>
      <bitmap id="DispTransparentData21" name="DispTransparentData21" import="pic000111.jpg"/>
      <bitmap id="DispMapData22" name="DispMapData22" import="pic000112.png"/>
      <bitmap id="DispSelData22" name="DispSelData22" import="pic000113.png"/>
      <bitmap id="DispLightData22" name="DispLightData22" import="pic000114.png"/>
      <bitmap id="DispDarkData22" name="DispDarkData22" import="pic000115.png"/>
      <bitmap id="DispTransparentData22" name="DispTransparentData22" import="pic000116.jpg"/>
      <bitmap id="DispMapData23" name="DispMapData23" import="pic000117.png"/>
      <bitmap id="DispSelData23" name="DispSelData23" import="pic000118.png"/>
      <bitmap id="DispLightData23" name="DispLightData23" import="pic000119.png"/>
      <bitmap id="DispDarkData23" name="DispDarkData23" import="pic000120.png"/>
      <bitmap id="DispTransparentData23" name="DispTransparentData23" import="pic000121.jpg"/>
      <bitmap id="DispMapData24" name="DispMapData24" import="pic000122.png"/>
      <bitmap id="DispSelData24" name="DispSelData24" import="pic000123.png"/>
      <bitmap id="DispLightData24" name="DispLightData24" import="pic000124.png"/>
      <bitmap id="DispDarkData24" name="DispDarkData24" import="pic000125.png"/>
      <bitmap id="DispTransparentData24" name="DispTransparentData24" import="pic000126.jpg"/>
      <bitmap id="DispMapData25" name="DispMapData25" import="pic000127.png"/>
      <bitmap id="DispSelData25" name="DispSelData25" import="pic000128.png"/>
      <bitmap id="DispLightData25" name="DispLightData25" import="pic000129.png"/>
      <bitmap id="DispDarkData25" name="DispDarkData25" import="pic000130.png"/>
      <bitmap id="DispTransparentData25" name="DispTransparentData25" import="pic000131.jpg"/>
      <bitmap id="DispMapData26" name="DispMapData26" import="pic000132.png"/>
      <bitmap id="DispSelData26" name="DispSelData26" import="pic000133.png"/>
      <bitmap id="DispLightData26" name="DispLightData26" import="pic000134.png"/>
      <bitmap id="DispDarkData26" name="DispDarkData26" import="pic000135.png"/>
      <bitmap id="DispTransparentData26" name="DispTransparentData26" import="pic000136.jpg"/>
      <bitmap id="DispMapData27" name="DispMapData27" import="pic000137.png"/>
      <bitmap id="DispSelData27" name="DispSelData27" import="pic000138.png"/>
      <bitmap id="DispLightData27" name="DispLightData27" import="pic000139.png"/>
      <bitmap id="DispDarkData27" name="DispDarkData27" import="pic000140.png"/>
      <bitmap id="DispTransparentData27" name="DispTransparentData27" import="pic000141.jpg"/>
      <bitmap id="DispMapData28" name="DispMapData28" import="pic000142.png"/>
      <bitmap id="DispSelData28" name="DispSelData28" import="pic000143.png"/>
      <bitmap id="DispLightData28" name="DispLightData28" import="pic000144.png"/>
      <bitmap id="DispDarkData28" name="DispDarkData28" import="pic000145.png"/>
      <bitmap id="DispTransparentData28" name="DispTransparentData28" import="pic000146.jpg"/>
      <bitmap id="DispMapData29" name="DispMapData29" import="pic000147.png"/>
      <bitmap id="DispSelData29" name="DispSelData29" import="pic000148.png"/>
      <bitmap id="DispLightData29" name="DispLightData29" import="pic000149.png"/>
      <bitmap id="DispDarkData29" name="DispDarkData29" import="pic000150.png"/>
      <bitmap id="DispTransparentData29" name="DispTransparentData29" import="pic000151.jpg"/>
      <bitmap id="DispMapData30" name="DispMapData30" import="pic000152.png"/>
      <bitmap id="DispSelData30" name="DispSelData30" import="pic000153.png"/>
      <bitmap id="DispLightData30" name="DispLightData30" import="pic000154.png"/>
      <bitmap id="DispDarkData30" name="DispDarkData30" import="pic000155.png"/>
      <bitmap id="DispTransparentData30" name="DispTransparentData30" import="pic000156.jpg"/>
      <bitmap id="DispMapData31" name="DispMapData31" import="pic000157.png"/>
      <bitmap id="DispSelData31" name="DispSelData31" import="pic000158.png"/>
      <bitmap id="DispLightData31" name="DispLightData31" import="pic000159.png"/>
      <bitmap id="DispDarkData31" name="DispDarkData31" import="pic000160.png"/>
      <bitmap id="DispTransparentData31" name="DispTransparentData31" import="pic000161.jpg"/>
      <bitmap id="DispMapData32" name="DispMapData32" import="pic000162.png"/>
      <bitmap id="DispSelData32" name="DispSelData32" import="pic000163.png"/>
      <bitmap id="DispLightData32" name="DispLightData32" import="pic000164.png"/>
      <bitmap id="DispDarkData32" name="DispDarkData32" import="pic000165.png"/>
      <bitmap id="DispTransparentData32" name="DispTransparentData32" import="pic000166.jpg"/>
      <bitmap id="DispMapData33" name="DispMapData33" import="pic000167.png"/>
      <bitmap id="DispSelData33" name="DispSelData33" import="pic000168.png"/>
      <bitmap id="DispLightData33" name="DispLightData33" import="pic000169.png"/>
      <bitmap id="DispDarkData33" name="DispDarkData33" import="pic000170.png"/>
      <bitmap id="DispTransparentData33" name="DispTransparentData33" import="pic000171.jpg"/>
      <bitmap id="DispMapData34" name="DispMapData34" import="pic000172.png"/>
      <bitmap id="DispSelData34" name="DispSelData34" import="pic000173.png"/>
      <bitmap id="DispLightData34" name="DispLightData34" import="pic000174.png"/>
      <bitmap id="DispDarkData34" name="DispDarkData34" import="pic000175.png"/>
      <bitmap id="DispTransparentData34" name="DispTransparentData34" import="pic000176.jpg"/>
      <bitmap id="DispMapData35" name="DispMapData35" import="pic000177.png"/>
      <bitmap id="DispSelData35" name="DispSelData35" import="pic000178.png"/>
      <bitmap id="DispLightData35" name="DispLightData35" import="pic000179.png"/>
      <bitmap id="DispDarkData35" name="DispDarkData35" import="pic000180.png"/>
      <bitmap id="DispTransparentData35" name="DispTransparentData35" import="pic000181.jpg"/>
      <bitmap id="DispMapData36" name="DispMapData36" import="pic000182.png"/>
      <bitmap id="DispSelData36" name="DispSelData36" import="pic000183.png"/>
      <bitmap id="DispLightData36" name="DispLightData36" import="pic000184.png"/>
      <bitmap id="DispDarkData36" name="DispDarkData36" import="pic000185.png"/>
      <bitmap id="DispTransparentData36" name="DispTransparentData36" import="pic000186.jpg"/>
      <bitmap id="DispMapData37" name="DispMapData37" import="pic000187.png"/>
      <bitmap id="DispSelData37" name="DispSelData37" import="pic000188.png"/>
      <bitmap id="DispLightData37" name="DispLightData37" import="pic000189.png"/>
      <bitmap id="DispDarkData37" name="DispDarkData37" import="pic000190.png"/>
      <bitmap id="DispTransparentData37" name="DispTransparentData37" import="pic000191.jpg"/>
      <bitmap id="DispMapData38" name="DispMapData38" import="pic000192.png"/>
      <bitmap id="DispSelData38" name="DispSelData38" import="pic000193.png"/>
      <bitmap id="DispLightData38" name="DispLightData38" import="pic000194.png"/>
      <bitmap id="DispDarkData38" name="DispDarkData38" import="pic000195.png"/>
      <bitmap id="DispTransparentData38" name="DispTransparentData38" import="pic000196.jpg"/>
      <bitmap id="DispMapData39" name="DispMapData39" import="pic000197.png"/>
      <bitmap id="DispSelData39" name="DispSelData39" import="pic000198.png"/>
      <bitmap id="DispLightData39" name="DispLightData39" import="pic000199.png"/>
      <bitmap id="DispDarkData39" name="DispDarkData39" import="pic000200.png"/>
      <bitmap id="DispTransparentData39" name="DispTransparentData39" import="pic000201.jpg"/>
      <binary id="_compile_" name="_compile_" import="compile.zip"/>
    </library>
  </frame>
</movie>
